{"Full|0": [0.08812946428571429, 0.16171428571428573], "Full|1": [0.125, 0.0], "Full|2": [0.171875, 0.0], "Full|3": [0.078125, 0.0], "Full|4": [0.07839285714285714, 0.37285714285714283], "Full|5": [0.14044642857142858, 0.0], "Full|6": [0.046357142857142854, 0.2582857142857143], "Full|7": [0.04491071428571428, 0.33485714285714285], "Full|8": [0.125, 0.0], "Full|9": [0.09613392857142856, 0.4082857142857143], "-M1|0": [0.117125, 0.1637142857142857], "-M1|1": [0.1250892857142857, 0.0074285714285714285], "-M1|2": [0.09076339285714285, 0.15742857142857142], "-M1|3": [0.11663392857142857, 0.10542857142857143], "-M1|4": [0.11735714285714285, 0.0054285714285714284], "-M1|5": [0.10291964285714286, 0.021142857142857144], "-M1|6": [0.12629017857142857, 0.09685714285714286], "-M1|7": [0.11581696428571428, 0.03457142857142857], "-M1|8": [0.11375446428571429, 0.134], "-M1|9": [0.12826785714285716, 0.05142857142857143], "-M2|0": [0.04321428571428571, 0.44685714285714284], "-M2|1": [0.08858928571428572, 0.296], "-M2|2": [0.0215, 0.656], "-M2|3": [0.054910714285714285, 0.29714285714285715], "-M2|4": [0.07211607142857143, 0.08257142857142857], "-M2|5": [0.08761160714285714, 0.0], "-M2|6": [0.08397767857142857, 0.12314285714285714], "-M2|7": [0.04744642857142857, 0.3742857142857143], "-M2|8": [0.06062946428571429, 0.58], "-M2|9": [0.06825, 0.376], "-M3|0": [0.06084375, 0.646], "-M3|1": [0.08784821428571428, 0.29742857142857143], "-M3|2": [0.171875, 0.0], "-M3|3": [0.078125, 0.0], "-M3|4": [0.078125, 0.0], "-M3|5": [0.1875, 0.0], "-M3|6": [0.124875, 0.0], "-M3|7": [0.0820625, 0.3334285714285714], "-M3|8": [0.06848214285714285, 0.49685714285714283], "-M3|9": [0.10725, 0.376]}