{"Full|0": [0.08812946428571429, 0.16171428571428573], "-M1|0": [0.117125, 0.1637142857142857], "-M2|0": [0.04321428571428571, 0.44685714285714284], "-M3|0": [0.06084375, 0.646], "Full|1": [0.125, 0.0], "-M1|1": [0.12311160714285714, 0.003142857142857143], "-M2|1": [0.08858928571428572, 0.296], "-M3|1": [0.08784821428571428, 0.29742857142857143]}