{"Random|0": [0.08649609375, 0.28175], "Random|1": [0.09201171875, 0.23275], "Random|2": [0.0893046875, 0.244], "Random|3": [0.09466015625, 0.196], "Random|4": [0.09763671875, 0.18875], "Random|5": [0.09346484375, 0.21225], "Random|6": [0.0989765625, 0.185], "Random|7": [0.08742578125, 0.26775], "Random|8": [0.08876171875, 0.258], "Random|9": [0.091734375, 0.23875], "Myopic|0": [0.0820078125, 0.01], "Myopic|1": [0.08292578125, 0.00325], "Myopic|2": [0.082625, 0.0075], "Myopic|3": [0.08225, 0.003], "Myopic|4": [0.082140625, 0.00125], "Myopic|5": [0.08233203125, 0.00325], "Myopic|6": [0.08332421875, 0.00425], "Myopic|7": [0.08286328125, 0.001], "Myopic|8": [0.08209765625, 0.00175], "Myopic|9": [0.084109375, 0.0045], "Oracle|0": [0.1875, 0.0], "Oracle|1": [0.1875, 0.0], "Oracle|2": [0.1875, 0.0], "Oracle|3": [0.1875, 0.0], "Oracle|4": [0.1875, 0.0], "Oracle|5": [0.1875, 0.0], "Oracle|6": [0.1875, 0.0], "Oracle|7": [0.1875, 0.0], "Oracle|8": [0.1875, 0.0], "Oracle|9": [0.1875, 0.0], "FixedDQN|0": [0.100703125, 0.19675], "FixedDQN|1": [0.0929609375, 0.13275], "FixedDQN|2": [0.12797265625, 0.1975], "FixedDQN|3": [0.160078125, 0.0], "FixedDQN|4": [0.16890625, 0.00325], "FixedDQN|5": [0.06812109375, 0.1935], "FixedDQN|6": [0.13540625, 0.17475], "FixedDQN|7": [0.1868359375, 0.002], "FixedDQN|8": [0.1214765625, 0.1525], "FixedDQN|9": [0.0589375, 0.2495], "BeliefDQN|0": [0.1190546875, 0.15425], "BeliefDQN|1": [0.12449609375, 0.00725], "BeliefDQN|2": [0.09, 0.16175], "BeliefDQN|3": [0.11675, 0.1025], "BeliefDQN|4": [0.11689453125, 0.005], "BeliefDQN|5": [0.10324609375, 0.0205], "BeliefDQN|6": [0.12663671875, 0.09425], "BeliefDQN|7": [0.1150234375, 0.03725], "BeliefDQN|8": [0.113203125, 0.13625], "BeliefDQN|9": [0.12896484375, 0.052], "PPO-lite|0": [0.078125, 0.0], "PPO-lite|1": [0.042453125, 0.32075], "PPO-lite|2": [0.026625, 0.6235], "PPO-lite|3": [0.109375, 0.0], "PPO-lite|4": [0.0625, 0.0], "PPO-lite|5": [0.1875, 0.0], "PPO-lite|6": [0.03771484375, 0.51725], "PPO-lite|7": [0.090140625, 0.359], "PPO-lite|8": [0.125, 0.0], "PPO-lite|9": [0.0625, 0.0], "LA-JSSA|0": [0.08872265625, 0.15375], "LA-JSSA|1": [0.125, 0.0], "LA-JSSA|2": [0.171875, 0.0], "LA-JSSA|3": [0.078125, 0.0], "LA-JSSA|4": [0.077, 0.384], "LA-JSSA|5": [0.1404375, 0.0], "LA-JSSA|6": [0.04725, 0.244], "LA-JSSA|7": [0.04315625, 0.359], "LA-JSSA|8": [0.125, 0.0], "LA-JSSA|9": [0.094421875, 0.4175]}